Demande,Nom,Service,Categorie personnel,Origine demande,Domaine formation,Heures,Satisfaction,Statut
DF-001,Martin,RH,Administratif,Agent,Excel,7,4,Validee
DF-002,Durand,Finance,Dirigeant,Chef de service,Management,14,5,Validee
DF-003,Bernard,IT,Ingenieur,Agent,Excel,7,3,Validee
DF-004,Petit,Production,Technique,Agent,Securite,3,4,Validee
DF-005,Robert,RH,Administratif,Chef de service,Communication,7,4,Validee
DF-006,Moreau,IT,Ingenieur,Chef de service,Programmation,14,5,Validee
DF-007,Simon,Production,Technique,Agent,Securite,3,3,Validee
DF-008,Laurent,Finance,Administratif,Agent,Excel,7,4,Validee
DF-009,Garcia,Commerce,Administratif,Manager,Excel,7,5,Validee
DF-010,Leroy,IT,Ingenieur,Agent,Cybersecurite,14,4,Validee
DF-011,Roux,Production,Technique,Chef de service,Securite,7,4,Validee
DF-012,Fournier,RH,Administratif,Agent,Communication,3,3,Validee
DF-013,Morel,Finance,Administratif,Chef de service,Excel,14,5,Validee
DF-014,Girard,Commerce,Commercial,Agent,Negociation,7,4,Validee
DF-015,Andre,IT,Ingenieur,Manager,Programmation,21,5,Validee
DF-016,Lefevre,Production,Technique,Agent,Maintenance,7,3,Validee
DF-017,Mercier,RH,Dirigeant,Direction,Management,14,4,Validee
DF-018,Blanc,Finance,Administratif,Agent,Comptabilite,7,4,Validee
DF-019,Guerin,Commerce,Commercial,Chef de service,Management,14,5,Validee
DF-020,Boyer,IT,Technique,Agent,Cybersecurite,7,4,Validee
DF-021,Garnier,Production,Technique,Manager,Securite,14,5,Validee
DF-022,Chevalier,RH,Administratif,Agent,Excel,3,4,Validee
DF-023,Francois,Finance,Dirigeant,Direction,Management,7,5,Validee
DF-024,Legrand,Commerce,Commercial,Agent,Communication,7,3,Validee
DF-025,Gauthier,IT,Ingenieur,Chef de service,Data,14,4,Validee
DF-026,Perrin,Production,Technique,Agent,Maintenance,3,3,Validee
DF-027,Robin,RH,Administratif,Manager,Communication,7,4,Validee
DF-028,Clement,Finance,Administratif,Agent,Excel,7,4,Validee
DF-029,Morin,Commerce,Commercial,Manager,Negociation,14,5,Validee
DF-030,Nicolas,IT,Technique,Agent,Excel,3,3,Validee
